<?xml version="1.0"?>
<config xmlns:xsi="http://www.w3.org/2001/XMLSchema-instance" xsi:noNamespaceSchemaLocation="urn:magento:module:Magento_Config/etc/system_file.xsd">
    <system>
        <section id="payment">
            <group id="firstdataicici" translate="label" type="text" sortOrder="100" showInDefault="1" showInWebsite="1" showInStore="1">
                <label>First Data ICICI Payment</label>
                <field id="active" translate="label" type="select" sortOrder="0" showInDefault="1" showInWebsite="1" showInStore="1">
					<label>Enabled</label>
					<source_model>Magento\Config\Model\Config\Source\Yesno</source_model>
				</field>
				<field id="title" translate="label" type="text" sortOrder="10" showInDefault="1" showInWebsite="1" showInStore="1">
                    <label>Title</label>
					<depends><field id="active">1</field></depends>
                </field>
				<field id="icistore_id" translate="label" type="text" sortOrder="20" showInDefault="1" showInWebsite="1" showInStore="1">
                    <label>Store Name / ID</label>
					<depends><field id="active">1</field></depends>
                </field>
				<field id="secret_key" translate="label" type="password" sortOrder="30" showInDefault="1" showInWebsite="1" showInStore="1">
                    <label>Secret Key</label>
					<depends><field id="active">1</field></depends>
                </field>
				<field id="mode" translate="label" type="select" sortOrder="40" showInDefault="1" showInWebsite="1" showInStore="1">
                    <label>Transaction Mode</label>
                    <source_model>Magecomp\Firstdataicici\Model\Config\Mode</source_model>
					<depends><field id="active">1</field></depends>
                </field>
				<field id="transtype" translate="label" type="select" sortOrder="50" showInDefault="1" showInWebsite="1" showInStore="1">
					<label>Transaction Type</label>
					<source_model>Magecomp\Firstdataicici\Model\Config\Transectiontype</source_model>
					<depends><field id="active">1</field></depends>
				</field>
				<field id="currency" translate="label" type="select" sortOrder="80" showInDefault="1" showInWebsite="1" showInStore="1">
                    <label>Accepted Currency</label>
                    <source_model>Magecomp\Firstdataicici\Model\Config\Currency</source_model>
					<depends><field id="active">1</field></depends>
                </field>
				<field id="language" translate="label" type="select" sortOrder="90" showInDefault="1" showInWebsite="1" showInStore="1">
                    <label>Customer Interface language</label>
                    <source_model>Magecomp\Firstdataicici\Model\Config\Language</source_model>
					<depends><field id="active">1</field></depends>
                </field>
				<field id="order_status" translate="label" type="select" sortOrder="110" showInDefault="1" showInWebsite="1" showInStore="1">
                    <label>New Order Status</label>
                    <source_model>Magento\Sales\Model\Config\Source\Order\Status\Newprocessing</source_model>
					<depends><field id="active">1</field></depends>
                </field>
                <field id="order_status_fail" translate="label" type="select" sortOrder="115" showInDefault="1" showInWebsite="1" showInStore="1">
                    <label>Order Status Fail</label>
                    <source_model>Magento\Sales\Model\Config\Source\Order\Status\Newprocessing</source_model>
					<depends><field id="active">1</field></depends>
                </field>
				<field id="allowspecific" translate="label" type="allowspecific" sortOrder="120" showInDefault="1" showInWebsite="1" showInStore="1">
					<label>Payment from Applicable Countries</label>
					<source_model>Magento\Payment\Model\Config\Source\Allspecificcountries</source_model>
					<depends><field id="active">1</field></depends>
				</field>
				<field id="specificcountry" translate="label" type="multiselect" sortOrder="130" showInDefault="1" showInWebsite="1" showInStore="1">
					<label>Payment from Specific Countries</label>
					<source_model>Magento\Directory\Model\Config\Source\Country</source_model>
					<can_be_empty>1</can_be_empty>
					<depends><field id="active">1</field></depends>
				</field>
				<field id="sort_order" translate="label" type="text" sortOrder="140" showInDefault="1" showInWebsite="1" showInStore="1">
					<label>Sort Order</label>
					<frontend_class>validate-number</frontend_class>
					<depends><field id="active">1</field></depends>
				</field>			
            </group>
        </section>
    </system>
</config>
